2008-02-12 00:00:00,18.5,7.3,30.28,WNW,297,3,3,61,0.00,CLR,CLR,0.00,WeatherDisplay:10.37,
2008-02-12 00:01:00,18.5,7.3,30.28,WNW,290,2,15,61,0.00,CLR,CLR,0.00,WeatherDisplay:10.37,
2008-02-12 00:06:00,18.5,7.3,30.28,WNW,296,3,15,61,0.00,CLR,CLR,0.00,WeatherDisplay:10.37,
2008-02-12 00:11:00,18.4,7.2,30.28,NW,321,5,11,61,0.00,CLR,CLR,0.00,WeatherDisplay:10.37,
2008-02-12 00:16:00,18.4,6.8,30.29,NNW,327,4,15,60,0.00,CLR,CLR,0.00,WeatherDisplay:10.37,
2008-02-12 00:21:00,18.4,7.2,30.29,NNW,344,6,12,61,0.00,CLR,CLR,0.00,WeatherDisplay:10.37,
2008-02-12 00:26:00,18.3,7.1,30.29,WNW,288,3,11,61,0.00,CLR,CLR,0.00,WeatherDisplay:10.37,
2008-02-12 00:31:00,18.2,6.6,30.29,NW,317,10,17,60,0.00,CLR,CLR,0.00,WeatherDisplay:10.37,
2008-02-12 00:36:00,18.3,7.1,30.29,WNW,299,3,6,61,0.00,CLR,CLR,0.00,WeatherDisplay:10.37,
2008-02-12 00:41:00,18.2,7.0,30.29,NW,313,6,15,61,0.00,CLR,CLR,0.00,WeatherDisplay:10.37,
2008-02-12 00:46:00,18.1,6.9,30.29,WNW,288,5,6,61,0.00,CLR,CLR,0.00,WeatherDisplay:10.37,
2008-02-12 00:51:00,18.0,6.8,30.29,North,11,5,11,61,0.00,CLR,CLR,0.00,WeatherDisplay:10.37,
2008-02-12 00:56:00,18.0,6.8,30.29,NW,311,5,10,61,0.00,CLR,CLR,0.00,WeatherDisplay:10.37,
2008-02-12 01:01:00,17.9,6.7,30.29,West,281,2,12,61,0.00,CLR,CLR,0.00,WeatherDisplay:10.37,
2008-02-12 01:02:00,17.9,6.7,30.29,West,281,5,11,61,0.00,CLR,CLR,0.00,WeatherDisplay:10.37,
2008-02-12 01:07:00,17.9,6.7,30.29,NW,315,5,6,61,0.00,CLR,CLR,0.00,WeatherDisplay:10.37,
2008-02-12 01:12:00,17.9,6.7,30.29,West,279,3,5,61,0.00,CLR,CLR,0.00,WeatherDisplay:10.37,
2008-02-12 01:17:00,17.9,6.7,30.29,NNW,344,7,15,61,0.00,CLR,CLR,0.00,WeatherDisplay:10.37,
2008-02-12 01:22:00,17.9,6.7,30.29,WNW,297,8,13,61,0.00,CLR,CLR,0.00,WeatherDisplay:10.37,
2008-02-12 01:27:00,17.9,6.7,30.30,WNW,286,3,10,61,0.00,CLR,CLR,0.00,WeatherDisplay:10.37,
2008-02-12 01:32:00,17.8,6.6,30.30,West,275,3,11,61,0.00,CLR,CLR,0.00,WeatherDisplay:10.37,
2008-02-12 01:37:00,17.9,6.7,30.30,North,360,6,11,61,0.00,CLR,CLR,0.00,WeatherDisplay:10.37,
2008-02-12 01:43:00,17.9,7.1,30.30,WNW,290,6,10,62,0.00,CLR,CLR,0.00,WeatherDisplay:10.37,
2008-02-12 01:48:00,17.9,7.1,30.31,NW,323,6,9,62,0.00,CLR,CLR,0.00,WeatherDisplay:10.37,
2008-02-12 01:53:00,17.8,7.0,30.30,WSW,258,5,6,62,0.00,CLR,CLR,0.00,WeatherDisplay:10.37,
2008-02-12 01:58:00,17.8,7.0,30.31,North,10,2,15,62,0.00,CLR,CLR,0.00,WeatherDisplay:10.37,
2008-02-12 02:03:00,17.9,6.7,30.30,WSW,252,4,10,61,0.00,CLR,CLR,0.00,WeatherDisplay:10.37,
2008-02-12 02:08:00,17.9,7.1,30.31,NNE,20,2,4,62,0.00,CLR,CLR,0.00,WeatherDisplay:10.37,
2008-02-12 02:13:00,17.8,7.3,30.31,West,273,4,8,63,0.00,CLR,CLR,0.00,WeatherDisplay:10.37,
2008-02-12 02:18:00,17.9,7.4,30.31,NW,310,4,10,63,0.00,CLR,CLR,0.00,WeatherDisplay:10.37,
2008-02-12 02:23:00,17.9,7.4,30.31,NNW,342,4,5,63,0.00,CLR,CLR,0.00,WeatherDisplay:10.37,
2008-02-12 02:28:00,17.8,7.3,30.31,NW,321,1,4,63,0.00,CLR,CLR,0.00,WeatherDisplay:10.37,
2008-02-12 02:33:00,17.7,7.6,30.32,West,270,2,6,64,0.00,CLR,CLR,0.00,WeatherDisplay:10.37,
2008-02-12 02:38:00,17.7,7.6,30.32,WNW,298,4,6,64,0.00,CLR,CLR,0.00,WeatherDisplay:10.37,
2008-02-12 02:43:00,17.6,7.5,30.32,West,279,1,3,64,0.00,CLR,CLR,0.00,WeatherDisplay:10.37,
2008-02-12 02:44:00,17.6,7.5,30.32,West,281,2,3,64,0.00,CLR,CLR,0.00,WeatherDisplay:10.37,
2008-02-12 02:49:00,17.6,7.5,30.32,WNW,284,3,6,64,0.00,CLR,CLR,0.00,WeatherDisplay:10.37,
2008-02-12 02:54:00,17.6,7.8,30.32,WNW,291,3,5,65,0.00,CLR,CLR,0.00,WeatherDisplay:10.37,
2008-02-12 02:59:00,17.6,7.8,30.31,WNW,294,2,3,65,0.00,CLR,CLR,0.00,WeatherDisplay:10.37,
2008-02-12 03:04:00,17.6,7.8,30.32,NW,321,3,5,65,0.00,CLR,CLR,0.00,WeatherDisplay:10.37,
2008-02-12 03:09:00,17.6,7.8,30.32,WNW,297,1,2,65,0.00,CLR,CLR,0.00,WeatherDisplay:10.37,
2008-02-12 03:14:00,17.5,7.7,30.32,NW,306,4,5,65,0.00,CLR,CLR,0.00,WeatherDisplay:10.37,
2008-02-12 03:19:00,17.6,7.8,30.32,NW,306,4,5,65,0.00,CLR,CLR,0.00,WeatherDisplay:10.37,
2008-02-12 03:24:00,17.6,7.8,30.32,West,276,4,9,65,0.00,CLR,CLR,0.00,WeatherDisplay:10.37,
2008-02-12 03:29:00,17.6,7.8,30.32,West,281,4,11,65,0.00,CLR,CLR,0.00,WeatherDisplay:10.37,
2008-02-12 03:34:00,17.5,7.4,30.32,NNE,19,3,10,64,0.00,CLR,CLR,0.00,WeatherDisplay:10.37,
2008-02-12 03:39:00,17.5,7.4,30.32,North,360,2,4,64,0.00,CLR,CLR,0.00,WeatherDisplay:10.37,
2008-02-12 03:44:00,17.5,7.7,30.31,NNW,342,1,3,65,0.00,CLR,CLR,0.00,WeatherDisplay:10.37,
2008-02-12 03:49:00,17.3,7.2,30.32,WNW,286,5,9,64,0.00,CLR,CLR,0.00,WeatherDisplay:10.37,
2008-02-12 03:54:00,17.4,7.3,30.32,NW,322,3,12,64,0.00,CLR,CLR,0.00,WeatherDisplay:10.37,
2008-02-12 03:59:00,17.3,7.2,30.32,NNW,340,2,4,64,0.00,CLR,CLR,0.00,WeatherDisplay:10.37,
2008-02-12 04:04:00,17.2,7.1,30.32,WNW,302,6,10,64,0.00,CLR,CLR,0.00,WeatherDisplay:10.37,
2008-02-12 04:09:00,17.2,7.1,30.32,North,360,3,10,64,0.00,CLR,CLR,0.00,WeatherDisplay:10.37,
2008-02-12 04:10:00,17.2,7.1,30.32,NNE,30,4,5,64,0.00,CLR,CLR,0.00,WeatherDisplay:10.37,
2008-02-12 04:15:00,17.2,7.1,30.32,NNE,13,4,11,64,0.00,CLR,CLR,0.00,WeatherDisplay:10.37,
2008-02-12 04:19:00,17.2,6.8,30.33,WNW,299,8,17,63,0.00,CLR,CLR,0.00,WeatherDisplay:10.37,
2008-02-12 04:25:00,17.2,6.8,30.33,NW,308,2,6,63,0.00,CLR,CLR,0.00,WeatherDisplay:10.37,
2008-02-12 04:29:00,17.0,6.9,30.33,West,269,3,6,64,0.00,CLR,CLR,0.00,WeatherDisplay:10.37,
2008-02-12 04:30:00,17.0,6.9,30.33,NW,323,2,6,64,0.00,CLR,CLR,0.00,WeatherDisplay:10.37,
2008-02-12 04:35:00,17.0,6.6,30.33,NW,318,3,5,63,0.00,CLR,CLR,0.00,WeatherDisplay:10.37,
2008-02-12 04:40:00,17.0,6.9,30.33,NW,321,3,9,64,0.00,CLR,CLR,0.00,WeatherDisplay:10.37,
2008-02-12 04:45:00,16.8,6.7,30.33,North,10,4,11,64,0.00,CLR,CLR,0.00,WeatherDisplay:10.37,
2008-02-12 04:50:00,16.8,6.7,30.34,North,350,1,3,64,0.00,CLR,CLR,0.00,WeatherDisplay:10.37,
2008-02-12 04:55:00,16.7,7.0,30.34,North,360,2,6,65,0.00,CLR,CLR,0.00,WeatherDisplay:10.37,
2008-02-12 05:00:00,16.7,7.0,30.34,North,5,1,7,65,0.00,CLR,CLR,0.00,WeatherDisplay:10.37,
2008-02-12 05:05:00,16.7,7.0,30.34,NW,319,4,10,65,0.00,CLR,CLR,0.00,WeatherDisplay:10.37,
2008-02-12 05:10:00,16.6,6.9,30.35,NNW,335,1,4,65,0.00,CLR,CLR,0.00,WeatherDisplay:10.37,
2008-02-12 05:16:00,16.4,6.7,30.35,NW,308,3,10,65,0.00,CLR,CLR,0.00,WeatherDisplay:10.37,
2008-02-12 05:21:00,16.4,6.7,30.35,North,355,1,4,65,0.00,CLR,CLR,0.00,WeatherDisplay:10.37,
2008-02-12 05:26:00,16.4,7.0,30.35,NNW,329,4,11,66,0.00,CLR,CLR,0.00,WeatherDisplay:10.37,
2008-02-12 05:31:00,16.3,6.9,30.35,NNW,327,4,11,66,0.00,CLR,CLR,0.00,WeatherDisplay:10.37,
2008-02-12 05:36:00,16.3,6.9,30.35,North,5,1,3,66,0.00,CLR,CLR,0.00,WeatherDisplay:10.37,
2008-02-12 05:41:00,16.2,6.8,30.35,WNW,293,1,2,66,0.00,CLR,CLR,0.00,WeatherDisplay:10.37,
2008-02-12 05:46:00,16.1,6.7,30.36,NNW,335,2,3,66,0.00,CLR,CLR,0.00,WeatherDisplay:10.37,
2008-02-12 05:51:00,16.1,6.7,30.36,NW,305,2,4,66,0.00,CLR,CLR,0.00,WeatherDisplay:10.37,
2008-02-12 05:56:00,16.1,6.7,30.36,NW,315,1,3,66,0.00,CLR,CLR,0.00,WeatherDisplay:10.37,
2008-02-12 06:01:00,16.0,7.0,30.37,WNW,285,1,3,67,0.00,CLR,CLR,0.00,WeatherDisplay:10.37,
2008-02-12 06:02:00,16.0,7.0,30.37,WNW,285,0,3,67,0.00,CLR,CLR,0.00,WeatherDisplay:10.37,
2008-02-12 06:07:00,16.0,7.0,30.37,North,360,3,4,67,0.00,CLR,CLR,0.00,WeatherDisplay:10.37,
2008-02-12 06:12:00,16.0,7.0,30.38,NW,305,0,3,67,0.00,CLR,CLR,0.00,WeatherDisplay:10.37,
2008-02-12 06:17:00,16.0,7.0,30.38,WNW,297,0,2,67,0.00,CLR,CLR,0.00,WeatherDisplay:10.37,
2008-02-12 06:22:00,15.9,7.2,30.38,WNW,284,5,10,68,0.00,CLR,CLR,0.00,WeatherDisplay:10.37,
2008-02-12 06:27:00,15.9,7.2,30.38,NNW,336,2,3,68,0.00,CLR,CLR,0.00,WeatherDisplay:10.37,
2008-02-12 06:32:00,15.9,6.9,30.38,North,5,3,5,67,0.00,CLR,CLR,0.00,WeatherDisplay:10.37,
2008-02-12 06:37:00,15.9,7.2,30.38,North,350,2,6,68,0.00,CLR,CLR,0.00,WeatherDisplay:10.37,
2008-02-12 06:42:00,15.8,7.1,30.38,NNW,340,2,3,68,0.00,CLR,CLR,0.00,WeatherDisplay:10.37,
2008-02-12 06:47:00,15.7,7.0,30.38,NNW,342,3,4,68,0.00,CLR,CLR,0.00,WeatherDisplay:10.37,
2008-02-12 06:52:00,15.7,7.0,30.39,West,281,2,3,68,0.00,CLR,CLR,0.00,WeatherDisplay:10.37,
2008-02-12 06:57:00,15.7,7.3,30.38,West,267,3,4,69,0.00,CLR,CLR,0.00,WeatherDisplay:10.37,
2008-02-12 07:03:00,15.7,7.3,30.39,NNW,338,2,4,69,0.00,CLR,CLR,0.00,WeatherDisplay:10.37,
2008-02-12 07:08:00,15.8,7.4,30.39,NNW,327,3,5,69,0.00,CLR,CLR,0.00,WeatherDisplay:10.37,
2008-02-12 07:13:00,15.9,7.2,30.39,West,277,1,3,68,0.00,CLR,CLR,0.00,WeatherDisplay:10.37,
2008-02-12 07:18:00,16.0,7.3,30.40,WNW,301,1,3,68,0.00,CLR,CLR,0.00,WeatherDisplay:10.37,
2008-02-12 07:23:00,16.1,7.4,30.40,NW,311,1,3,68,0.00,CLR,CLR,0.00,WeatherDisplay:10.37,
2008-02-12 07:28:00,16.3,7.6,30.39,NW,315,2,3,68,0.00,CLR,CLR,0.00,WeatherDisplay:10.37,
2008-02-12 07:33:00,16.4,7.7,30.40,WNW,295,3,5,68,0.00,CLR,CLR,0.00,WeatherDisplay:10.37,
2008-02-12 07:38:00,16.6,7.5,30.40,West,267,3,6,67,0.00,CLR,CLR,0.00,WeatherDisplay:10.37,
2008-02-12 07:43:00,16.9,7.8,30.40,NW,314,2,4,67,0.00,CLR,CLR,0.00,WeatherDisplay:10.37,
2008-02-12 07:48:00,17.2,7.8,30.41,West,277,1,3,66,0.00,CLR,CLR,0.00,WeatherDisplay:10.37,
2008-02-12 07:53:00,17.4,8.0,30.41,West,278,5,9,66,0.00,CLR,CLR,0.00,WeatherDisplay:10.37,
2008-02-12 07:58:00,17.5,7.7,30.41,NNW,336,2,3,65,0.00,CLR,CLR,0.00,WeatherDisplay:10.37,
2008-02-12 08:03:00,17.5,7.7,30.42,WNW,300,2,5,65,0.00,BKN,BKN,0.00,WeatherDisplay:10.37,
2008-02-12 08:08:00,17.5,7.7,30.42,WNW,282,5,9,65,0.00,BKN,BKN,0.00,WeatherDisplay:10.37,
2008-02-12 08:13:00,17.5,7.7,30.42,West,271,4,6,65,0.00,BKN,BKN,0.00,WeatherDisplay:10.37,
2008-02-12 08:18:00,17.5,8.1,30.41,West,279,5,6,66,0.00,BKN,BKN,0.00,WeatherDisplay:10.37,
2008-02-12 08:23:00,17.5,8.1,30.41,WNW,296,2,6,66,0.00,BKN,BKN,0.00,WeatherDisplay:10.37,
2008-02-12 08:24:00,17.5,8.1,30.41,West,273,2,7,66,0.00,BKN,BKN,0.00,WeatherDisplay:10.37,
2008-02-12 08:29:00,17.5,8.1,30.41,North,360,5,6,66,0.00,BKN,BKN,0.00,WeatherDisplay:10.37,
2008-02-12 08:34:00,17.8,8.4,30.41,North,9,6,8,66,0.00,BKN,BKN,0.00,WeatherDisplay:10.37,
2008-02-12 08:39:00,18.2,8.1,30.41,NNW,329,4,5,64,0.00,BKN,BKN,0.00,WeatherDisplay:10.37,
2008-02-12 08:44:00,18.9,8.7,30.40,NNW,329,2,4,64,0.00,BKN,BKN,0.00,WeatherDisplay:10.37,
2008-02-12 08:46:00,19.0,8.8,30.41,North,355,3,5,64,0.00,BKN,BKN,0.00,WeatherDisplay:10.37,
2008-02-12 08:51:00,19.2,8.3,30.41,NNW,340,8,11,62,0.00,BKN,BKN,0.00,WeatherDisplay:10.37,
2008-02-12 08:56:00,19.0,8.1,30.41,NNE,18,4,11,62,0.00,BKN,BKN,0.00,WeatherDisplay:10.37,
2008-02-12 09:01:00,19.1,8.6,30.41,NW,321,4,5,63,0.00,BKN,BKN,0.00,WeatherDisplay:10.37,
2008-02-12 09:06:00,19.3,8.4,30.41,NNE,15,4,9,62,0.00,FEW,FEW,0.00,WeatherDisplay:10.37,
2008-02-12 09:11:00,19.3,8.4,30.40,North,355,8,11,62,0.00,FEW,FEW,0.00,WeatherDisplay:10.37,
2008-02-12 09:16:00,19.2,8.7,30.41,WNW,297,5,9,63,0.00,FEW,FEW,0.00,WeatherDisplay:10.37,
2008-02-12 09:21:00,19.3,8.8,30.40,NNW,338,2,9,63,0.00,FEW,FEW,0.00,WeatherDisplay:10.37,
2008-02-12 09:22:00,19.4,8.8,30.40,WNW,299,3,6,63,0.00,FEW,FEW,0.00,WeatherDisplay:10.37,
2008-02-12 09:26:00,19.6,8.7,30.41,NNW,340,7,10,62,0.00,FEW,FEW,0.00,WeatherDisplay:10.37,
2008-02-12 09:27:00,19.5,8.6,30.41,North,355,6,10,62,0.00,FEW,FEW,0.00,WeatherDisplay:10.37,
2008-02-12 09:31:00,19.6,9.0,30.40,NNE,13,7,11,63,0.00,FEW,FEW,0.00,WeatherDisplay:10.37,
2008-02-12 09:36:00,19.6,8.7,30.40,North,355,2,6,62,0.00,FEW,FEW,0.00,WeatherDisplay:10.37,
2008-02-12 09:41:00,19.7,8.8,30.40,NW,324,5,10,62,0.00,FEW,FEW,0.00,WeatherDisplay:10.37,
2008-02-12 09:46:00,19.9,8.6,30.40,NW,314,2,4,61,0.00,FEW,FEW,0.00,WeatherDisplay:10.37,
2008-02-12 09:51:00,19.7,8.8,30.40,NNE,26,8,11,62,0.00,FEW,FEW,0.00,WeatherDisplay:10.37,
2008-02-12 09:56:00,19.7,8.8,30.40,NNE,15,5,9,62,0.00,FEW,FEW,0.00,WeatherDisplay:10.37,
2008-02-12 10:01:00,19.5,8.9,30.40,NE,44,3,10,63,0.00,FEW,FEW,0.00,WeatherDisplay:10.37,
2008-02-12 10:07:00,19.9,9.3,30.40,West,277,3,5,63,0.00,FEW,FEW,0.00,WeatherDisplay:10.37,
2008-02-12 10:12:00,20.2,9.6,30.41,NNW,344,5,6,63,0.00,FEW,FEW,0.00,WeatherDisplay:10.37,
2008-02-12 10:17:00,20.0,9.4,30.40,NNE,15,3,6,63,0.00,FEW,FEW,0.00,WeatherDisplay:10.37,
2008-02-12 10:22:00,20.4,9.4,30.40,NNW,344,3,5,62,0.00,FEW,FEW,0.00,WeatherDisplay:10.37,
2008-02-12 10:27:00,20.0,9.8,30.40,NNE,33,2,3,64,0.00,FEW,FEW,0.00,WeatherDisplay:10.37,
2008-02-12 10:32:00,20.2,10.0,30.40,NNE,24,5,5,64,0.00,FEW,FEW,0.00,WeatherDisplay:10.37,
2008-02-12 10:37:00,20.6,10.0,30.40,NW,315,3,4,63,0.00,FEW,FEW,0.00,WeatherDisplay:10.37,
2008-02-12 10:42:00,20.8,10.2,30.40,NNE,32,5,9,63,0.00,FEW,FEW,0.00,WeatherDisplay:10.37,
2008-02-12 10:47:00,20.8,10.5,30.40,NE,34,3,8,64,0.00,FEW,FEW,0.00,WeatherDisplay:10.37,
2008-02-12 10:52:00,20.9,10.3,30.40,North,360,6,6,63,0.00,FEW,FEW,0.00,WeatherDisplay:10.37,
2008-02-12 10:57:00,20.6,9.6,30.40,NNE,25,4,10,62,0.00,FEW,FEW,0.00,WeatherDisplay:10.37,
2008-02-12 11:02:00,20.6,10.0,30.39,North,10,3,6,63,0.00,FEW,FEW,0.00,WeatherDisplay:10.37,
2008-02-12 11:07:00,20.9,10.3,30.39,NNE,15,5,5,63,0.00,FEW,FEW,0.00,WeatherDisplay:10.37,
2008-02-12 11:12:00,21.1,10.8,30.39,NNW,343,4,9,64,0.00,FEW,FEW,0.00,WeatherDisplay:10.37,
2008-02-12 11:17:00,21.2,10.2,30.39,ENE,61,3,4,62,0.00,FEW,FEW,0.00,WeatherDisplay:10.37,
2008-02-12 11:22:00,21.5,10.5,30.39,NNW,340,2,4,62,0.00,FEW,FEW,0.00,WeatherDisplay:10.37,
2008-02-12 11:27:00,21.9,10.1,30.39,WNW,295,4,6,60,0.00,FEW,FEW,0.00,WeatherDisplay:10.37,
2008-02-12 11:32:00,21.6,9.5,30.38,WSW,248,3,5,59,0.00,FEW,FEW,0.00,WeatherDisplay:10.37,
2008-02-12 11:37:00,21.6,9.8,30.38,SW,231,3,4,60,0.00,FEW,FEW,0.00,WeatherDisplay:10.37,
2008-02-12 11:42:00,21.7,10.3,30.38,NNE,25,1,4,61,0.00,FEW,FEW,0.00,WeatherDisplay:10.37,
2008-02-12 11:47:00,22.1,10.7,30.38,NNW,330,1,3,61,0.00,FEW,FEW,0.00,WeatherDisplay:10.37,
2008-02-12 11:53:00,22.3,10.9,30.37,NW,321,2,3,61,0.00,FEW,FEW,0.00,WeatherDisplay:10.37,
2008-02-12 11:55:00,22.4,10.6,30.37,NW,319,2,5,60,0.00,FEW,FEW,0.00,WeatherDisplay:10.37,
2008-02-12 12:00:00,22.8,11.0,30.37,WNW,298,2,4,60,0.00,FEW,FEW,0.00,WeatherDisplay:10.37,
2008-02-12 12:05:00,23.1,10.9,30.37,NNW,336,2,4,59,0.00,FEW,FEW,0.00,WeatherDisplay:10.37,
2008-02-12 12:10:00,22.8,10.2,30.36,NNW,328,2,6,58,0.00,FEW,FEW,0.00,WeatherDisplay:10.37,
2008-02-12 12:15:00,22.7,10.5,30.35,SW,229,1,4,59,0.00,FEW,FEW,0.00,WeatherDisplay:10.37,
2008-02-12 12:20:00,22.7,10.9,30.36,WNW,303,0,5,60,0.00,FEW,FEW,0.00,WeatherDisplay:10.37,
2008-02-12 12:25:00,22.8,10.6,30.36,WSW,252,1,4,59,0.00,FEW,FEW,0.00,WeatherDisplay:10.37,
2008-02-12 12:30:00,22.8,10.2,30.35,West,273,2,4,58,0.00,FEW,FEW,0.00,WeatherDisplay:10.37,
2008-02-12 12:35:00,22.9,10.3,30.35,NNW,330,3,4,58,0.00,FEW,FEW,0.00,WeatherDisplay:10.37,
2008-02-12 12:40:00,23.1,10.1,30.35,SW,234,2,4,57,0.00,FEW,FEW,0.00,WeatherDisplay:10.37,
2008-02-12 12:45:00,23.5,10.9,30.35,West,267,3,4,58,0.00,FEW,FEW,0.00,WeatherDisplay:10.37,
2008-02-12 12:50:00,23.6,10.6,30.34,SW,236,1,3,57,0.00,FEW,FEW,0.00,WeatherDisplay:10.37,
2008-02-12 12:55:00,23.7,10.7,30.34,West,277,2,5,57,0.00,FEW,FEW,0.00,WeatherDisplay:10.37,
2008-02-12 13:01:00,23.5,10.5,30.34,WNW,282,1,6,57,0.00,FEW,FEW,0.00,WeatherDisplay:10.37,
2008-02-12 13:06:00,23.6,10.6,30.34,SW,232,2,4,57,0.00,FEW,FEW,0.00,WeatherDisplay:10.37,
2008-02-12 13:11:00,23.8,10.8,30.33,WSW,242,1,3,57,0.00,FEW,FEW,0.00,WeatherDisplay:10.37,
2008-02-12 13:16:00,23.9,10.5,30.33,WNW,286,4,5,56,0.00,FEW,FEW,0.00,WeatherDisplay:10.37,
2008-02-12 13:21:00,23.9,10.5,30.33,WNW,286,0,1,56,0.00,FEW,FEW,0.00,WeatherDisplay:10.37,
2008-02-12 13:26:00,24.4,10.9,30.32,North,349,1,3,56,0.00,FEW,FEW,0.00,WeatherDisplay:10.37,
2008-02-12 13:31:00,24.5,11.0,30.32,North,350,0,2,56,0.00,FEW,FEW,0.00,WeatherDisplay:10.37,
2008-02-12 13:36:00,25.1,11.2,30.32,North,360,0,2,55,0.00,FEW,FEW,0.00,WeatherDisplay:10.37,
2008-02-12 13:37:00,25.1,11.2,30.32,North,360,0,2,55,0.00,FEW,FEW,0.00,WeatherDisplay:10.37,
2008-02-12 13:42:00,25.4,11.0,30.32,NNW,334,0,1,54,0.00,FEW,FEW,0.00,WeatherDisplay:10.37,
2008-02-12 13:47:00,25.7,11.3,30.32,NNW,336,2,3,54,0.00,FEW,FEW,0.00,WeatherDisplay:10.37,
2008-02-12 13:52:00,25.7,11.7,30.32,NNW,331,1,3,55,0.00,FEW,FEW,0.00,WeatherDisplay:10.37,
2008-02-12 13:57:00,25.1,12.4,30.31,East,89,3,4,58,0.00,FEW,FEW,0.00,WeatherDisplay:10.37,
2008-02-12 14:02:00,24.7,12.4,30.31,NE,44,1,3,59,0.00,OVC,OVC,0.00,WeatherDisplay:10.37,
2008-02-12 14:07:00,24.4,12.5,30.31,NE,54,2,5,60,0.00,OVC,OVC,0.00,WeatherDisplay:10.37,
2008-02-12 14:12:00,24.1,12.6,30.31,NE,51,3,4,61,0.00,OVC,OVC,0.00,WeatherDisplay:10.37,
2008-02-12 14:17:00,23.6,12.5,30.31,NE,42,4,6,62,0.00,OVC,OVC,0.00,WeatherDisplay:10.37,
2008-02-12 14:21:00,23.3,12.6,30.31,NE,45,3,3,63,0.00,OVC,OVC,0.00,WeatherDisplay:10.37,
2008-02-12 14:26:00,23.4,12.6,30.31,North,355,3,4,63,0.00,OVC,OVC,0.00,WeatherDisplay:10.37,
2008-02-12 14:31:00,23.3,12.9,30.31,NNE,21,2,4,64,0.00,OVC,OVC,0.00,WeatherDisplay:10.37,
2008-02-12 14:36:00,23.4,13.0,30.31,NNW,344,2,3,64,0.00,OVC,OVC,0.00,WeatherDisplay:10.37,
2008-02-12 14:41:00,23.6,13.5,30.31,NNW,344,1,3,65,0.00,OVC,OVC,0.00,WeatherDisplay:10.37,
2008-02-12 14:46:00,23.7,14.0,30.31,NNW,344,1,3,66,0.00,OVC,OVC,0.00,WeatherDisplay:10.37,
2008-02-12 14:51:00,23.9,14.2,30.31,NNW,346,1,3,66,0.00,OVC,OVC,0.00,WeatherDisplay:10.37,
2008-02-12 14:56:00,24.0,14.6,30.32,NNW,346,1,3,67,0.00,OVC,OVC,0.00,WeatherDisplay:10.37,
2008-02-12 15:02:00,23.9,14.9,30.32,NNW,346,1,3,68,0.00,-SN,-SN,0.00,WeatherDisplay:10.37,
2008-02-12 15:07:00,23.7,15.3,30.32,NNW,343,1,2,70,0.00,-SN,-SN,0.00,WeatherDisplay:10.37,
2008-02-12 15:12:00,23.4,16.0,30.32,NNW,343,0,2,73,0.00,-SN,-SN,0.00,WeatherDisplay:10.37,
2008-02-12 15:17:00,23.3,16.5,30.32,NNW,343,0,0,75,0.00,-SN,-SN,0.00,WeatherDisplay:10.37,
2008-02-12 15:22:00,23.1,17.0,30.32,NNW,343,0,0,77,0.00,-SN,-SN,0.00,WeatherDisplay:10.37,
2008-02-12 15:27:00,22.9,17.1,30.33,NNW,343,0,1,78,0.00,-SN,-SN,0.00,WeatherDisplay:10.37,
2008-02-12 15:32:00,22.8,17.6,30.32,NNW,343,0,0,80,0.00,-SN,-SN,0.00,WeatherDisplay:10.37,
2008-02-12 15:37:00,22.7,17.7,30.32,NNW,342,0,1,81,0.00,-SN,-SN,0.00,WeatherDisplay:10.37,
2008-02-12 15:42:00,22.7,18.3,30.32,NNW,343,1,2,83,0.00,-SN,-SN,0.00,WeatherDisplay:10.37,
2008-02-12 15:47:00,22.7,18.3,30.32,NNW,343,0,0,83,0.00,-SN,-SN,0.00,WeatherDisplay:10.37,
2008-02-12 15:48:00,22.7,18.3,30.32,NNW,343,0,0,83,0.00,-SN,-SN,0.00,WeatherDisplay:10.37,
2008-02-12 15:53:00,22.5,18.4,30.32,NNW,342,0,1,84,0.00,-SN,-SN,0.00,WeatherDisplay:10.37,
2008-02-12 15:58:00,22.4,18.6,30.32,NNW,343,0,1,85,0.00,-SN,-SN,0.00,WeatherDisplay:10.37,
2008-02-12 15:59:00,22.4,18.6,30.32,NNW,342,0,1,85,0.00,-SN,-SN,0.00,WeatherDisplay:10.37,
2008-02-12 16:04:00,22.3,18.5,30.32,NNW,342,1,2,85,0.00,-SN,-SN,0.00,WeatherDisplay:10.37,
2008-02-12 16:09:00,22.2,18.7,30.31,NNW,342,1,2,86,0.00,-SN,-SN,0.00,WeatherDisplay:10.37,
2008-02-12 16:14:00,22.1,18.8,30.31,NNW,342,1,1,87,0.00,-SN,-SN,0.00,WeatherDisplay:10.37,
2008-02-12 16:19:00,22.1,19.1,30.31,NNW,343,0,1,88,0.00,-SN,-SN,0.00,WeatherDisplay:10.37,
2008-02-12 16:24:00,22.1,19.1,30.31,NNW,343,0,2,88,0.00,-SN,-SN,0.00,WeatherDisplay:10.37,
2008-02-12 16:29:00,22.0,19.3,30.30,NNW,343,0,1,89,0.00,-SN,-SN,0.00,WeatherDisplay:10.37,
2008-02-12 16:30:00,22.0,19.3,30.30,NNW,342,0,2,89,0.00,-SN,-SN,0.00,WeatherDisplay:10.37,
2008-02-12 16:35:00,22.1,19.6,30.30,NNW,342,0,1,90,0.00,-SN,-SN,0.00,WeatherDisplay:10.37,
2008-02-12 16:40:00,22.2,19.7,30.29,NNW,343,0,1,90,0.00,-SN,-SN,0.00,WeatherDisplay:10.37,
2008-02-12 16:45:00,22.2,20.0,30.28,NNW,344,0,2,91,0.00,-SN,-SN,0.00,WeatherDisplay:10.37,
2008-02-12 16:50:00,22.4,20.2,30.28,East,84,1,2,91,0.00,-SN,-SN,0.00,WeatherDisplay:10.37,
2008-02-12 16:55:00,22.4,20.2,30.27,SE,126,1,3,91,0.00,-SN,-SN,0.00,WeatherDisplay:10.37,
2008-02-12 17:00:00,22.4,20.2,30.27,SE,140,0,3,91,0.00,-SN,-SN,0.00,WeatherDisplay:10.37,
2008-02-12 17:05:00,22.4,20.2,30.27,ESE,114,0,3,91,0.00,-SN,-SN,0.00,WeatherDisplay:10.37,
2008-02-12 17:10:00,22.4,20.2,30.29,SSE,153,3,5,91,0.00,-SN,-SN,0.00,WeatherDisplay:10.37,
2008-02-12 17:15:00,22.3,20.1,30.30,SSE,166,3,5,91,0.00,-SN,-SN,0.00,WeatherDisplay:10.37,
2008-02-12 17:16:00,22.3,20.1,30.30,SE,144,2,3,91,0.00,-SN,-SN,0.00,WeatherDisplay:10.37,
2008-02-12 17:21:00,22.3,20.1,30.30,South,190,1,3,91,0.00,-SN,-SN,0.00,WeatherDisplay:10.37,
2008-02-12 17:26:00,22.1,19.6,30.29,SE,144,4,5,90,0.00,-SN,-SN,0.00,WeatherDisplay:10.37,
2008-02-12 17:27:00,22.1,19.6,30.29,South,176,3,5,90,0.00,-SN,-SN,0.00,WeatherDisplay:10.37,
2008-02-12 17:32:00,22.1,19.9,30.29,SSE,165,2,3,91,0.00,-SN,-SN,0.00,WeatherDisplay:10.37,
2008-02-12 17:37:00,22.1,19.9,30.29,SSE,153,0,1,91,0.00,-SN,-SN,0.00,WeatherDisplay:10.37,
2008-02-12 17:42:00,22.1,19.9,30.28,South,187,3,5,91,0.00,-SN,-SN,0.00,WeatherDisplay:10.37,
2008-02-12 17:47:00,22.1,19.9,30.28,SSE,158,1,3,91,0.00,-SN,-SN,0.00,WeatherDisplay:10.37,
2008-02-12 17:52:00,22.0,19.8,30.27,SE,138,0,2,91,0.00,-SN,-SN,0.00,WeatherDisplay:10.37,
2008-02-12 17:57:00,22.0,19.8,30.27,SSE,165,1,3,91,0.00,-SN,-SN,0.00,WeatherDisplay:10.37,
2008-02-12 18:02:00,22.0,19.8,30.27,ESE,122,2,3,91,0.00,-SN,-SN,0.00,WeatherDisplay:10.37,
2008-02-12 18:07:00,21.9,19.9,30.26,SSE,148,0,2,92,0.00,-SN,-SN,0.00,WeatherDisplay:10.37,
2008-02-12 18:12:00,21.8,19.8,30.26,ESE,121,1,3,92,0.00,-SN,-SN,0.00,WeatherDisplay:10.37,
2008-02-12 18:17:00,21.8,19.8,30.25,SE,128,2,3,92,0.00,-SN,-SN,0.00,WeatherDisplay:10.37,
2008-02-12 18:18:00,21.8,19.8,30.25,SE,128,2,3,92,0.00,-SN,-SN,0.00,WeatherDisplay:10.37,
2008-02-12 18:23:00,21.8,19.8,30.26,ESE,110,1,2,92,0.00,-SN,-SN,0.00,WeatherDisplay:10.37,
2008-02-12 18:28:00,21.8,19.8,30.26,SSE,157,1,3,92,0.00,-SN,-SN,0.00,WeatherDisplay:10.37,
2008-02-12 18:33:00,21.8,19.8,30.26,ESE,107,0,2,92,0.00,-SN,-SN,0.00,WeatherDisplay:10.37,
2008-02-12 18:38:00,21.9,19.9,30.27,SE,146,1,3,92,0.00,-SN,-SN,0.00,WeatherDisplay:10.37,
2008-02-12 18:40:00,21.9,19.9,30.27,SE,146,1,3,92,0.00,-SN,-SN,0.00,WeatherDisplay:10.37,
2008-02-12 18:45:00,21.9,19.9,30.28,SE,146,0,0,92,0.00,-SN,-SN,0.00,WeatherDisplay:10.37,
2008-02-12 18:50:00,22.0,20.0,30.28,SE,146,0,2,92,0.00,-SN,-SN,0.00,WeatherDisplay:10.37,
2008-02-12 18:55:00,22.1,20.4,30.28,SE,146,0,1,93,0.00,-SN,-SN,0.00,WeatherDisplay:10.37,
2008-02-12 19:00:00,22.1,20.4,30.28,SE,146,0,0,93,0.00,-SN,-SN,0.00,WeatherDisplay:10.37,
2008-02-12 19:05:00,22.0,20.3,30.27,SE,146,0,0,93,0.00,-SN,-SN,0.00,WeatherDisplay:10.37,
2008-02-12 19:10:00,22.0,20.3,30.27,SE,146,0,1,93,0.00,-SN,-SN,0.00,WeatherDisplay:10.37,
2008-02-12 19:15:00,21.9,20.2,30.26,SE,146,0,1,93,0.00,-SN,-SN,0.00,WeatherDisplay:10.37,
2008-02-12 19:20:00,21.9,20.2,30.26,SE,146,0,2,93,0.00,-SN,-SN,0.00,WeatherDisplay:10.37,
2008-02-12 19:25:00,22.0,20.3,30.25,ESE,107,1,2,93,0.00,-SN,-SN,0.00,WeatherDisplay:10.37,
2008-02-12 19:30:00,22.0,20.3,30.25,East,101,0,0,93,0.00,-SN,-SN,0.00,WeatherDisplay:10.37,
2008-02-12 19:35:00,22.1,20.6,30.25,East,101,0,2,94,0.00,-SN,-SN,0.00,WeatherDisplay:10.37,
2008-02-12 19:40:00,22.1,20.6,30.24,East,101,1,2,94,0.00,-SN,-SN,0.00,WeatherDisplay:10.37,
2008-02-12 19:45:00,22.1,20.6,30.23,East,97,0,0,94,0.00,-SN,-SN,0.00,WeatherDisplay:10.37,
2008-02-12 19:50:00,22.2,20.7,30.23,NE,46,1,3,94,0.00,-SN,-SN,0.00,WeatherDisplay:10.37,
2008-02-12 19:55:00,22.2,20.7,30.23,East,97,1,2,94,0.00,-SN,-SN,0.00,WeatherDisplay:10.37,
2008-02-12 20:00:00,22.3,20.8,30.22,ENE,77,1,2,94,0.00,-SN,-SN,0.00,WeatherDisplay:10.37,
2008-02-12 20:05:00,22.4,20.9,30.21,East,86,2,3,94,0.00,-SN,-SN,0.00,WeatherDisplay:10.37,
2008-02-12 20:10:00,22.6,21.1,30.21,East,87,0,1,94,0.00,-SN,-SN,0.00,WeatherDisplay:10.37,
2008-02-12 20:16:00,22.7,21.2,30.22,SE,134,0,1,94,0.00,-SN,-SN,0.00,WeatherDisplay:10.37,
2008-02-12 20:21:00,22.9,21.7,30.22,ESE,115,0,2,95,0.00,-SN,-SN,0.00,WeatherDisplay:10.37,
2008-02-12 20:26:00,23.2,22.0,30.21,ESE,104,1,4,95,0.00,-SN,-SN,0.00,WeatherDisplay:10.37,
2008-02-12 20:31:00,23.4,22.2,30.21,SE,126,3,4,95,0.00,-SN,-SN,0.00,WeatherDisplay:10.37,
2008-02-12 20:36:00,23.5,22.3,30.20,ESE,106,2,3,95,0.00,-SN,-SN,0.00,WeatherDisplay:10.37,
2008-02-12 20:41:00,23.5,22.3,30.20,SE,125,1,3,95,0.00,-SN,-SN,0.00,WeatherDisplay:10.37,
2008-02-12 20:46:00,23.6,22.4,30.20,SE,141,1,3,95,0.00,-SN,-SN,0.00,WeatherDisplay:10.37,
2008-02-12 20:51:00,23.7,22.5,30.20,East,96,0,2,95,0.00,-SN,-SN,0.00,WeatherDisplay:10.37,
2008-02-12 20:56:00,23.8,22.6,30.20,ESE,106,3,4,95,0.00,-SN,-SN,0.00,WeatherDisplay:10.37,
2008-02-12 21:00:00,23.9,22.7,30.19,ESE,114,3,4,95,0.00,-SN,-SN,0.00,WeatherDisplay:10.37,
2008-02-12 21:05:00,24.0,22.8,30.19,ESE,109,0,3,95,0.00,-SN,-SN,0.00,WeatherDisplay:10.37,
2008-02-12 21:10:00,24.1,22.9,30.18,ESE,102,2,3,95,0.00,-SN,-SN,0.00,WeatherDisplay:10.37,
2008-02-12 21:15:00,24.1,22.9,30.18,ESE,119,1,5,95,0.00,-SN,-SN,0.00,WeatherDisplay:10.37,
2008-02-12 21:20:00,24.3,23.1,30.18,ESE,107,1,3,95,0.00,-SN,-SN,0.00,WeatherDisplay:10.37,
2008-02-12 21:25:00,24.4,23.2,30.17,ESE,104,1,3,95,0.00,-SN,-SN,0.00,WeatherDisplay:10.37,
2008-02-12 21:30:00,24.4,23.2,30.18,East,92,1,3,95,0.00,-SN,-SN,0.00,WeatherDisplay:10.37,
2008-02-12 21:35:00,24.5,23.3,30.17,East,88,3,5,95,0.00,-SN,-SN,0.00,WeatherDisplay:10.37,
2008-02-12 21:40:00,24.6,23.4,30.17,East,91,0,2,95,0.00,-SN,-SN,0.00,WeatherDisplay:10.37,
2008-02-12 21:45:00,24.7,23.5,30.17,East,101,2,3,95,0.00,-SN,-SN,0.00,WeatherDisplay:10.37,
2008-02-12 21:51:00,24.8,23.6,30.16,ENE,57,2,4,95,0.00,-SN,-SN,0.00,WeatherDisplay:10.37,
2008-02-12 21:56:00,25.0,23.8,30.16,ENE,60,1,4,95,0.00,-SN,-SN,0.00,WeatherDisplay:10.37,
2008-02-12 22:00:00,25.2,24.2,30.15,ESE,123,4,4,96,0.00,-SN,-SN,0.00,WeatherDisplay:10.37,
2008-02-12 22:05:00,25.5,24.5,30.15,ESE,103,4,9,96,0.00,OVC,OVC,0.00,WeatherDisplay:10.37,
2008-02-12 22:11:00,25.7,24.7,30.15,East,101,1,4,96,0.00,OVC,OVC,0.00,WeatherDisplay:10.37,
2008-02-12 22:15:00,25.8,24.8,30.14,ESE,123,2,3,96,0.00,OVC,OVC,0.00,WeatherDisplay:10.37,
2008-02-12 22:20:00,26.0,25.0,30.14,ESE,115,1,3,96,0.00,OVC,OVC,0.00,WeatherDisplay:10.37,
2008-02-12 22:26:00,26.1,25.1,30.14,ESE,109,3,4,96,0.00,OVC,OVC,0.00,WeatherDisplay:10.37,
2008-02-12 22:31:00,26.2,25.2,30.14,East,97,2,6,96,0.00,OVC,OVC,0.00,WeatherDisplay:10.37,
2008-02-12 22:36:00,26.5,25.5,30.13,ESE,117,1,2,96,0.00,OVC,OVC,0.00,WeatherDisplay:10.37,
2008-02-12 22:41:00,26.7,25.7,30.13,SE,142,2,3,96,0.00,OVC,OVC,0.00,WeatherDisplay:10.37,
2008-02-12 22:46:00,27.0,26.0,30.12,ESE,115,4,4,96,0.00,OVC,OVC,0.00,WeatherDisplay:10.37,
2008-02-12 22:51:00,27.2,26.5,30.11,East,87,2,4,97,0.00,OVC,OVC,0.00,WeatherDisplay:10.37,
2008-02-12 22:56:00,27.5,26.8,30.11,ESE,121,2,3,97,0.00,OVC,OVC,0.00,WeatherDisplay:10.37,
2008-02-12 23:01:00,27.8,27.1,30.11,ESE,118,1,3,97,0.00,-RA,-RA,0.00,WeatherDisplay:10.37,
2008-02-12 23:06:00,28.1,27.4,30.11,East,90,1,2,97,0.00,-RA,-RA,0.00,WeatherDisplay:10.37,
2008-02-12 23:11:00,28.5,27.8,30.11,East,88,3,4,97,0.00,-RA,-RA,0.00,WeatherDisplay:10.37,
2008-02-12 23:16:00,28.7,28.0,30.10,ESE,120,0,2,97,0.00,-RA,-RA,0.00,WeatherDisplay:10.37,
2008-02-12 23:17:00,28.8,28.1,30.09,ESE,110,0,2,97,0.00,-RA,-RA,0.00,WeatherDisplay:10.37,
2008-02-12 23:22:00,29.1,28.4,30.09,East,99,0,6,97,0.00,-RA,-RA,0.00,WeatherDisplay:10.37,
2008-02-12 23:27:00,29.4,28.7,30.08,SE,129,1,3,97,0.00,-RA,-RA,0.00,WeatherDisplay:10.37,
2008-02-12 23:32:00,29.9,29.2,30.08,SE,134,3,5,97,0.00,-RA,-RA,0.00,WeatherDisplay:10.37,
2008-02-12 23:37:00,30.3,29.8,30.08,ESE,108,4,10,98,0.00,-RA,-RA,0.00,WeatherDisplay:10.37,
2008-02-12 23:42:00,30.6,29.9,30.07,East,96,3,9,97,0.00,-RA,-RA,0.00,WeatherDisplay:10.37,
2008-02-12 23:47:00,30.9,30.4,30.07,East,88,4,6,98,0.00,-RA,-RA,0.00,WeatherDisplay:10.37,
2008-02-12 23:52:00,31.0,30.2,30.06,ESE,122,4,11,97,0.00,-RA,-RA,0.00,WeatherDisplay:10.37,
2008-02-12 23:57:00,31.0,30.2,30.06,SSE,149,4,5,97,0.00,-RA,-RA,0.00,WeatherDisplay:10.37,
